[
  {
    "id": 1,
    "name": "Azumanga Daioh",
    "episodeCount": 12
  },
  {
    "id": 2,
    "name": "One Piece",
    "episodeCount": 1021
  },
  {
    "id": 3,
    "name": "Gintama",
    "episodeCount": 200
  },
  {
    "id": 4,
    "name": "Nichijou",
    "episodeCount": 24
  },
  {
    "id": 5,
    "name": "Attack on Titan",
    "episodeCount": 75
  },
  {
    "id": 6,
    "name": "Keyaruga-Sama",
    "episodeCount": 71
  },
  {
    "id": 7,
    "name": "Dr. Stone",
    "episodeCount": 30
  },
  {
    "id": 8,
    "name": "Dr. Stone",
    "episodeCount": 30
  }
]